ID,Virus,SpreadLevel,Risk
6875,not_detected,medium,medium
3114,not_detected,low,medium
2425,not_detected,medium,high
10797,cold,low,medium
13463,cold,high,medium
8928,cold,medium,medium
8915,cmv,low,high
5128,cold,high,low
9492,cmv,low,medium
9733,cold,medium,medium
5086,cmv,medium,medium
1413,not_detected,medium,low
1195,flue,medium,medium
8499,measles,medium,high
1504,flue,low,medium
6723,cold,medium,medium
11085,flue,medium,medium
11936,not_detected,medium,low
2590,cmv,medium,high
14203,flue,low,low
6280,flue,medium,low
7667,cold,medium,medium
12976,cmv,medium,medium
13520,cmv,high,medium
12953,cmv,medium,low
4961,not_detected,low,medium
958,not_detected,medium,high
8342,cmv,medium,low
3179,cold,medium,medium
5741,cmv,medium,medium
5548,cmv,medium,medium
11963,cmv,medium,medium
3102,cold,medium,medium
12946,cold,low,high
4129,not_detected,low,medium
5392,not_detected,high,medium
4924,cold,medium,medium
11671,not_detected,low,high
7710,cmv,medium,medium
3913,covid,medium,low
6166,not_detected,medium,medium
9949,not_detected,medium,low
500,cmv,low,medium
8944,not_detected,low,high
2162,cmv,low,medium
12980,cmv,medium,high
6472,flue,medium,low
6733,cold,low,medium
947,flue,medium,low
7936,cold,low,medium
1627,flue,medium,high
2013,covid,low,medium
3387,flue,low,medium
8707,cmv,medium,medium
8134,measles,medium,high
6953,cold,low,medium
4249,cmv,medium,medium
1958,cmv,medium,low
7655,cmv,medium,medium
1319,cold,medium,medium
12340,cmv,low,high
8078,not_detected,medium,high
7057,covid,medium,low
4407,cmv,low,medium
207,cmv,low,low
6716,flue,medium,medium
5950,cold,low,medium
13041,not_detected,low,medium
1553,cmv,medium,medium
2710,not_detected,medium,medium
1567,cmv,low,medium
3682,cmv,medium,medium
3560,cmv,medium,medium
13317,cmv,medium,low
12408,covid,medium,low
615,measles,low,low
14757,cmv,low,medium
9207,not_detected,medium,medium
7614,cold,low,low
11437,cold,low,low
10682,not_detected,low,high
34,not_detected,low,medium
1495,cmv,medium,low
6937,covid,medium,medium
3756,flue,medium,medium
6625,not_detected,medium,high
10364,flue,low,medium
4283,covid,low,medium
1895,cold,low,low
10757,not_detected,medium,low
8126,cmv,medium,medium
384,cmv,low,low
258,cold,medium,high
3319,cmv,medium,medium
3627,cmv,medium,low
6854,flue,low,low
3802,cmv,medium,medium
14593,cmv,medium,low
6666,cmv,low,medium
12194,cmv,low,low
9123,cmv,medium,medium
14976,cmv,medium,medium
6412,cmv,medium,medium
9921,flue,low,high
5316,covid,medium,low
3147,not_detected,low,low
9965,not_detected,medium,medium
4302,not_detected,medium,low
13013,cold,medium,high
14114,cmv,medium,low
13000,flue,medium,high
13076,covid,medium,medium
3954,cmv,low,medium
11291,measles,medium,medium
2074,cmv,medium,high
7393,covid,medium,medium
4358,flue,low,low
8633,cmv,low,low
11357,flue,medium,medium
2032,flue,low,low
4309,not_detected,medium,low
11167,flue,medium,medium
2052,cold,medium,medium
9574,cmv,medium,medium
12962,not_detected,low,low
11509,cmv,high,medium
8765,flue,medium,medium
3390,not_detected,low,high
14991,cold,medium,medium
8923,cold,low,medium
6839,cold,medium,medium
1502,flue,low,high
14713,cold,medium,low
11162,cmv,low,medium
11234,cmv,medium,medium
14874,cmv,low,high
12495,not_detected,medium,high
6372,not_detected,medium,low
676,not_detected,low,medium
6785,cold,low,medium
9028,cmv,medium,medium
4582,cmv,low,low
7856,cmv,medium,medium
3550,cmv,high,medium
4503,cmv,low,medium
1156,cold,medium,medium
13656,cmv,medium,high
2757,not_detected,medium,low
3711,cmv,low,medium
10134,cmv,high,low
11534,not_detected,medium,high
4492,cmv,low,low
14573,cmv,medium,medium
12989,cmv,low,medium
10707,cmv,medium,medium
8465,cold,high,high
1160,cmv,medium,medium
11457,cmv,medium,medium
4106,measles,medium,low
5607,not_detected,medium,medium
4721,cmv,low,medium
12664,covid,medium,low
2249,cmv,low,medium
1786,cold,low,medium
1738,cmv,medium,low
13745,cmv,medium,low
10267,covid,low,medium
12876,cmv,low,medium
5656,covid,high,medium
11681,cmv,low,medium
1079,cmv,medium,medium
13857,not_detected,medium,medium
6582,cmv,high,high
4597,cmv,medium,medium
13222,flue,medium,medium
3915,cmv,medium,medium
9647,flue,low,medium
4671,cold,medium,high
13371,measles,medium,low
8725,cold,medium,high
12107,not_detected,medium,medium
8111,flue,high,medium
5807,cmv,low,medium
6344,cold,medium,medium
11765,cold,low,medium
6660,cold,medium,medium
12298,cmv,medium,low
8804,flue,medium,medium
1758,cmv,low,medium
10266,covid,medium,high
2362,cmv,low,medium
4644,cmv,low,medium
12180,flue,low,low
3232,cmv,medium,high
2761,flue,medium,medium
6673,cold,medium,medium
4917,cmv,medium,medium
4531,cmv,low,medium
11558,not_detected,medium,low
6590,cold,low,medium
14250,cmv,medium,medium
11744,cmv,medium,medium
13700,cmv,high,medium
1944,flue,medium,low
3268,cold,medium,high
8207,not_detected,low,low
14847,flue,medium,low
7884,flue,medium,high
3124,not_detected,low,medium
12963,flue,high,low
8770,not_detected,medium,medium
9085,cold,low,medium
6434,cold,medium,low
13628,cmv,low,medium
3999,measles,medium,medium
1767,cold,medium,medium
13578,cold,medium,low
14134,cmv,medium,medium
3609,measles,medium,medium
4959,flue,medium,medium
10127,cmv,low,low
8211,cold,medium,high
6413,cold,medium,medium
371,cmv,low,medium
4540,flue,medium,high
2180,flue,low,low
1489,cold,low,medium
10463,not_detected,low,medium
12548,covid,low,low
13173,flue,medium,medium
54,cold,medium,low
1586,cold,medium,medium
14511,not_detected,medium,medium
10581,not_detected,medium,high
379,covid,medium,high
13698,flue,medium,medium
11153,cmv,low,high
13006,cold,high,low
6058,cmv,low,medium
12993,cmv,low,high
3264,flue,medium,medium
5348,cmv,medium,high
4967,cmv,low,high
14322,cmv,low,medium
9258,cmv,medium,low
4430,covid,medium,low
11372,cmv,medium,high
8026,cmv,medium,low
587,flue,low,low
7939,cmv,medium,medium
8963,covid,medium,medium
11918,cold,medium,low
14692,cmv,medium,medium
4739,measles,medium,high
2067,cmv,medium,high
12411,cold,medium,medium
1765,cold,low,low
10223,flue,medium,low
13834,cmv,medium,medium
12442,cold,low,high
7068,not_detected,medium,medium
2159,cmv,low,medium
8882,cmv,medium,medium
2899,cold,high,medium
5419,cmv,medium,low
2859,cold,medium,medium
14570,flue,medium,low
13170,cmv,high,low
6163,cmv,high,medium
4333,cmv,medium,medium
4074,cmv,medium,medium
9254,cold,medium,low
8601,cmv,low,high
5205,cold,low,medium
4424,cold,low,medium
1407,not_detected,low,medium
10012,cold,medium,low
515,cmv,medium,medium
6477,not_detected,medium,medium
14794,cmv,medium,low
11834,flue,high,low
5095,cmv,medium,low
5558,not_detected,medium,low
8388,cold,low,medium
1608,cmv,medium,medium
7816,flue,medium,low
4361,cold,medium,high
2372,cold,low,low
1240,cold,medium,low
1528,flue,medium,high
8356,cmv,medium,low
46,cmv,low,medium
11618,cmv,medium,low
4352,cmv,medium,medium
9964,cold,low,high
7982,cold,medium,low
6913,cmv,medium,low
11648,cold,medium,high
7860,not_detected,medium,high
11186,cmv,low,high
8598,not_detected,low,low
4523,measles,medium,high
2457,cmv,medium,low
58,cmv,medium,low
12574,cold,low,medium
1234,cmv,medium,medium
10899,cmv,low,low
14027,flue,medium,high
12344,flue,high,low
10708,flue,low,low
10303,cmv,medium,low
7286,cmv,medium,medium
1355,covid,low,medium
9817,not_detected,medium,medium
699,cmv,medium,high
11351,not_detected,medium,medium
13306,cmv,medium,low
11345,not_detected,medium,high
9075,cmv,low,low
13235,cold,low,medium
430,cold,medium,medium
5147,cold,high,low
14768,cmv,medium,low
1372,cmv,medium,high
2225,not_detected,medium,medium
3071,cold,medium,low
5148,cmv,medium,high
1582,not_detected,medium,medium
7626,cold,low,low
6416,not_detected,medium,low
1,cold,medium,medium
3252,cmv,low,high
8483,cmv,medium,high
2732,covid,medium,medium
13988,cmv,medium,high
11816,cold,high,low
11258,flue,medium,high
5951,cmv,low,medium
4516,cmv,medium,high
256,covid,low,high
6346,flue,low,low
10416,flue,low,medium
8661,cmv,low,medium
14850,cold,low,medium
13345,cmv,high,low
923,not_detected,medium,high
6315,measles,medium,high
3764,cmv,medium,high
3561,cold,low,high
14474,cold,medium,low
9757,cmv,high,low
12507,not_detected,medium,low
14317,cmv,medium,medium
8440,cmv,low,medium
1142,cold,low,medium
5457,cold,low,high
2738,not_detected,medium,low
579,cold,medium,low
10905,not_detected,medium,high
9206,cmv,medium,medium
9795,cold,medium,low
8917,cmv,medium,high
10782,flue,low,high
3331,cmv,low,medium
2891,cmv,medium,medium
10544,cold,medium,medium
7476,cmv,medium,high
1354,cmv,medium,high
8457,cmv,medium,medium
7520,cmv,medium,high
10089,covid,medium,medium
8962,cmv,medium,medium
203,cmv,medium,medium
1253,cmv,low,low
1049,cmv,medium,medium
3039,cmv,medium,medium
11960,cmv,low,low
792,cmv,medium,medium
14563,covid,medium,low
1987,covid,medium,high
7317,covid,medium,high
13266,cmv,medium,medium
7664,flue,high,low
4501,covid,medium,medium
13736,not_detected,medium,low
13494,flue,medium,medium
3877,not_detected,low,medium
11506,not_detected,medium,high
8099,cmv,medium,medium
13187,flue,medium,medium
9408,covid,medium,low
11952,measles,medium,low
10635,cmv,low,high
9227,not_detected,medium,medium
11026,cmv,medium,medium
6866,cmv,medium,low
3486,flue,medium,medium
4323,flue,high,medium
2682,cmv,low,medium
3002,not_detected,medium,low
9261,cmv,low,low
12135,cold,high,medium
2911,cmv,medium,medium
7321,covid,medium,medium
2524,cmv,medium,low
12775,not_detected,medium,medium
7455,cold,medium,low
13940,measles,low,high
14710,cold,medium,low
14783,flue,low,high
12014,cmv,low,medium
12159,cold,low,low
10405,cmv,low,high
840,flue,medium,medium
132,not_detected,medium,high
1494,flue,low,high
8354,cold,medium,low
13231,not_detected,medium,medium
13251,cold,medium,medium
1677,cmv,medium,medium
13192,cmv,low,medium
1706,not_detected,medium,medium
14240,covid,low,medium
8209,cmv,medium,medium
4680,not_detected,high,low
6040,cmv,low,medium
4056,cold,low,medium
2727,not_detected,low,medium
9480,not_detected,medium,medium
13195,covid,medium,medium
10499,cmv,medium,medium
7548,covid,medium,high
11272,cmv,medium,low
9470,not_detected,medium,medium
11325,not_detected,medium,high
13162,cmv,medium,medium
12883,cold,low,low
2770,not_detected,medium,low
8974,cmv,low,low
2119,cmv,medium,high
11034,flue,medium,medium
11747,measles,high,medium
14923,covid,high,low
400,flue,low,medium
12384,cmv,high,low
737,flue,low,medium
9717,cold,low,medium
14010,measles,medium,low
11456,cmv,medium,medium
450,cmv,medium,medium
5005,cmv,medium,medium
3739,cmv,low,medium
12116,cold,low,medium
11739,cmv,medium,low
8397,cold,medium,medium
5658,cold,medium,medium
13808,cmv,medium,medium
818,cmv,medium,high
8798,flue,medium,high
14109,not_detected,medium,medium
14844,cmv,low,medium
3517,cmv,medium,high
8631,flue,low,low
9102,covid,high,low
5460,measles,medium,medium
5162,cmv,medium,medium
5773,not_detected,low,medium
11883,cmv,low,medium
6519,flue,low,medium
4186,measles,medium,medium
6816,cmv,low,medium
8461,cmv,medium,high
6583,flue,medium,medium
6134,flue,medium,high
131,not_detected,low,low
14645,covid,low,high
7268,cold,medium,high
11371,cold,medium,medium
13018,measles,medium,medium
2624,cmv,medium,medium
2226,cmv,medium,medium
6433,cmv,low,medium
6135,cmv,low,low
2197,covid,medium,medium
2479,flue,low,medium
13229,cmv,low,low
14722,cmv,medium,high
12894,cmv,low,high
6287,measles,medium,medium
13600,cold,medium,low
14917,cmv,medium,low
10892,flue,medium,low
14986,cmv,medium,medium
14311,flue,low,low
5261,flue,medium,medium
6014,cmv,low,high
14555,covid,medium,medium
4953,not_detected,medium,medium
4818,not_detected,medium,medium
1096,cmv,medium,medium
451,measles,medium,low
3006,cmv,low,medium
9930,flue,medium,medium
5495,measles,medium,low
5677,measles,low,high
5107,not_detected,medium,medium
9369,measles,medium,medium
4840,cmv,medium,medium
14107,cmv,low,medium
5724,cmv,medium,low
11695,cmv,medium,medium
3484,not_detected,medium,medium
10943,cmv,medium,low
511,cmv,medium,medium
13357,flue,low,low
1809,cold,medium,medium
8403,flue,medium,low
1879,not_detected,low,low
9774,flue,medium,medium
6929,cold,medium,high
10799,cmv,high,high
12874,covid,medium,low
12435,cold,medium,medium
6589,flue,medium,high
1333,cmv,medium,high
3176,flue,medium,medium
13731,flue,medium,medium
6726,cold,medium,high
2869,cmv,medium,medium
9350,cold,low,medium
7511,flue,high,low
13246,cmv,medium,medium
47,cmv,medium,high
3125,cmv,medium,medium
4293,cold,medium,medium
9454,measles,medium,medium
13847,cold,medium,high
9974,cold,low,high
10164,cmv,low,high
3036,cmv,medium,high
12562,cold,low,high
1069,cold,medium,low
11531,flue,medium,low
14206,flue,high,medium
2750,covid,low,high
4932,cold,low,high
8898,cmv,low,low
941,cold,medium,low
4989,cmv,low,medium
2954,cold,low,low
2387,cold,low,medium
3322,not_detected,medium,high
4796,cold,medium,medium
10505,cold,medium,medium
10569,cold,low,high
4960,measles,low,medium
14226,cold,medium,high
6482,not_detected,medium,medium
7954,covid,medium,low
10595,cold,medium,medium
4519,covid,medium,medium
8820,cmv,low,medium
12683,not_detected,medium,low
13609,cmv,high,low
10751,cmv,low,high
7826,cold,medium,medium
12030,cmv,medium,high
10021,cmv,medium,low
1466,cmv,medium,medium
2309,cmv,medium,high
2751,cmv,medium,medium
3297,not_detected,medium,low
13832,not_detected,medium,low
6130,flue,medium,medium
2232,not_detected,high,medium
1534,measles,low,medium
4549,flue,low,medium
10920,cold,medium,medium
13365,cmv,medium,low
6028,cmv,low,medium
13630,flue,low,high
780,flue,medium,low
472,cmv,medium,low
12593,cmv,low,medium
12024,cmv,low,high
5767,covid,medium,medium
5971,cmv,medium,high
10176,covid,medium,low
7092,cmv,low,medium
5589,not_detected,medium,low
955,cmv,low,medium
13433,not_detected,medium,medium
12765,cmv,medium,medium
11143,flue,low,low
5304,cold,medium,low
7125,cold,medium,low
13330,covid,medium,medium
3799,not_detected,medium,medium
12144,cmv,medium,high
5493,not_detected,medium,low
