ID,Virus,SpreadLevel,Risk
6875,not_detected,medium,medium
3114,not_detected,low,medium
2425,not_detected,medium,high
10797,cmv,low,medium
13463,cold,high,medium
8928,cold,medium,medium
8915,cmv,low,medium
5128,cold,high,medium
9492,cmv,low,medium
9733,cold,medium,medium
5086,cmv,medium,medium
1413,not_detected,medium,low
1195,flue,medium,medium
8499,measles,low,medium
1504,flue,low,medium
6723,cold,low,medium
11085,flue,medium,medium
11936,not_detected,low,low
2590,cmv,medium,high
14203,cold,medium,medium
6280,flue,medium,low
7667,cmv,high,medium
12976,not_detected,medium,high
13520,cmv,medium,medium
12953,cmv,medium,low
4961,not_detected,low,medium
958,cold,medium,high
8342,cmv,medium,low
3179,cold,medium,medium
5741,cmv,medium,medium
5548,flue,low,medium
11963,cmv,medium,medium
3102,cold,medium,medium
12946,cold,low,high
4129,not_detected,low,medium
5392,not_detected,high,medium
4924,cold,medium,medium
11671,cmv,low,high
7710,cmv,medium,high
3913,not_detected,medium,low
6166,not_detected,medium,medium
9949,not_detected,medium,low
500,cmv,low,medium
8944,flue,low,medium
2162,cmv,low,medium
12980,cmv,low,high
6472,cmv,medium,medium
6733,cold,low,medium
947,flue,low,medium
7936,cold,low,medium
1627,cold,medium,medium
2013,cmv,medium,medium
3387,flue,low,medium
8707,cmv,medium,medium
8134,cmv,medium,medium
6953,cold,low,medium
4249,cmv,low,medium
1958,cmv,medium,low
7655,cmv,medium,medium
1319,not_detected,low,low
12340,cold,low,medium
8078,not_detected,medium,medium
7057,cmv,medium,medium
4407,flue,low,medium
207,cmv,medium,medium
6716,flue,medium,medium
5950,cold,low,medium
13041,not_detected,medium,medium
1553,cmv,medium,medium
2710,not_detected,medium,medium
1567,cmv,low,medium
3682,cmv,medium,medium
3560,cmv,medium,medium
13317,cold,medium,low
12408,cmv,medium,low
615,measles,medium,low
14757,cmv,low,medium
9207,not_detected,low,medium
7614,cold,low,low
11437,flue,low,medium
10682,cold,low,medium
34,not_detected,low,medium
1495,flue,medium,low
6937,cmv,medium,medium
3756,flue,high,medium
6625,not_detected,medium,high
10364,flue,medium,medium
4283,cmv,medium,medium
1895,not_detected,low,medium
10757,not_detected,medium,low
8126,cmv,medium,medium
384,cmv,medium,low
258,cold,medium,high
3319,cmv,medium,medium
3627,cold,medium,low
6854,cmv,low,low
3802,covid,low,medium
14593,cmv,medium,low
6666,cmv,low,medium
12194,cmv,low,low
9123,cmv,medium,medium
14976,cmv,medium,medium
6412,cmv,medium,high
9921,flue,low,high
5316,covid,medium,low
3147,not_detected,medium,medium
9965,not_detected,medium,medium
4302,not_detected,medium,low
13013,cmv,medium,high
14114,flue,medium,low
13000,flue,medium,medium
13076,covid,medium,medium
3954,cmv,low,medium
11291,measles,medium,medium
2074,cold,medium,medium
7393,covid,medium,medium
4358,flue,low,medium
8633,cmv,medium,low
11357,flue,medium,medium
2032,flue,low,low
4309,not_detected,medium,low
11167,flue,medium,medium
2052,cold,medium,medium
9574,cold,medium,medium
12962,not_detected,low,medium
11509,cmv,high,medium
8765,flue,medium,medium
3390,not_detected,low,high
14991,cmv,medium,medium
8923,cold,medium,medium
6839,cold,medium,medium
1502,cmv,medium,high
14713,cold,medium,low
11162,cold,medium,medium
11234,cmv,medium,medium
14874,cmv,low,high
12495,not_detected,medium,medium
6372,not_detected,medium,low
676,not_detected,medium,medium
6785,cold,low,medium
9028,cmv,medium,medium
4582,flue,low,medium
7856,cmv,medium,medium
3550,cmv,medium,medium
4503,cmv,low,medium
1156,cold,medium,medium
13656,cmv,medium,high
2757,not_detected,low,low
3711,cmv,low,medium
10134,cmv,high,medium
11534,cmv,medium,high
4492,cold,low,medium
14573,cmv,medium,medium
12989,cmv,low,medium
10707,cmv,medium,medium
8465,cold,medium,high
1160,cmv,medium,medium
11457,cmv,medium,medium
4106,flue,medium,low
5607,not_detected,medium,medium
4721,cmv,medium,medium
12664,cmv,medium,low
2249,cmv,low,medium
1786,cold,low,medium
1738,cmv,medium,medium
13745,cmv,medium,low
10267,covid,medium,high
12876,flue,medium,medium
5656,cmv,medium,medium
11681,cold,medium,medium
1079,cold,medium,medium
13857,cmv,medium,medium
6582,cold,medium,medium
4597,cmv,medium,medium
13222,flue,medium,medium
3915,cmv,low,medium
9647,cmv,medium,low
4671,cmv,medium,high
13371,measles,medium,medium
8725,cold,medium,medium
12107,cmv,high,medium
8111,flue,medium,medium
5807,cmv,medium,medium
6344,cold,medium,medium
11765,cmv,low,medium
6660,cmv,medium,low
12298,cmv,medium,low
8804,flue,low,medium
1758,cmv,low,medium
10266,covid,low,medium
2362,cmv,low,medium
4644,cmv,low,medium
12180,not_detected,low,low
3232,covid,medium,high
2761,flue,medium,medium
6673,cmv,medium,medium
4917,flue,medium,medium
4531,cmv,low,medium
11558,not_detected,medium,low
6590,cold,low,medium
14250,measles,medium,medium
11744,measles,low,medium
13700,cmv,high,medium
1944,flue,medium,low
3268,cold,medium,high
8207,not_detected,low,medium
14847,flue,medium,low
7884,flue,medium,high
3124,not_detected,medium,medium
12963,flue,medium,low
8770,not_detected,medium,medium
9085,cold,low,medium
6434,cmv,medium,low
13628,cmv,low,medium
3999,measles,medium,medium
1767,not_detected,medium,medium
13578,cold,medium,medium
14134,cold,medium,medium
3609,measles,medium,medium
4959,flue,medium,medium
10127,cmv,low,low
8211,cmv,medium,high
6413,cold,medium,medium
371,cmv,low,medium
4540,flue,medium,high
2180,flue,low,low
1489,not_detected,low,medium
10463,not_detected,low,medium
12548,cmv,low,medium
13173,flue,medium,medium
54,cold,medium,medium
1586,cold,medium,medium
14511,not_detected,medium,medium
10581,not_detected,medium,high
379,cmv,high,high
13698,flue,medium,medium
11153,cold,low,medium
13006,cold,high,medium
6058,cold,low,medium
12993,cmv,medium,high
3264,flue,medium,medium
5348,covid,medium,medium
4967,cmv,low,high
14322,cmv,low,medium
9258,cmv,medium,low
4430,cmv,medium,low
11372,cmv,medium,high
8026,cmv,medium,low
587,flue,low,low
7939,cold,medium,medium
8963,cmv,medium,medium
11918,cold,medium,low
14692,cmv,low,medium
4739,cold,medium,medium
2067,cmv,medium,medium
12411,cold,medium,medium
1765,cold,low,low
10223,flue,low,low
13834,cmv,medium,medium
12442,cold,low,medium
7068,cmv,medium,medium
2159,cmv,low,medium
8882,cmv,medium,medium
2899,cold,medium,medium
5419,cmv,medium,low
2859,cold,medium,medium
14570,flue,medium,low
13170,cmv,medium,low
6163,cmv,medium,medium
4333,cmv,medium,medium
4074,cold,medium,medium
9254,cold,medium,low
8601,cmv,low,medium
5205,not_detected,low,medium
4424,cold,medium,medium
1407,not_detected,low,medium
10012,measles,medium,medium
515,cold,medium,medium
6477,not_detected,medium,medium
14794,cmv,medium,medium
11834,flue,high,medium
5095,cmv,medium,low
5558,not_detected,medium,medium
8388,cold,medium,medium
1608,cmv,medium,medium
7816,flue,medium,low
4361,cold,medium,high
2372,cmv,low,low
1240,cmv,medium,low
1528,cold,medium,high
8356,cmv,medium,medium
46,cmv,medium,medium
11618,cmv,medium,medium
4352,cmv,medium,medium
9964,cold,medium,high
7982,cold,medium,low
6913,cmv,medium,low
11648,cold,medium,high
7860,not_detected,medium,medium
11186,cmv,low,medium
8598,not_detected,low,medium
4523,not_detected,medium,high
2457,cold,medium,low
58,cmv,medium,low
12574,cold,low,medium
1234,cmv,medium,medium
10899,cmv,medium,low
14027,flue,medium,high
12344,flue,medium,medium
10708,not_detected,low,medium
10303,cmv,medium,low
7286,cmv,medium,medium
1355,cmv,low,medium
9817,flue,medium,medium
699,cmv,medium,high
11351,not_detected,medium,medium
13306,cmv,medium,low
11345,not_detected,medium,high
9075,cmv,low,medium
13235,cold,low,medium
430,cold,medium,medium
5147,cold,high,medium
14768,cold,medium,medium
1372,cmv,medium,high
2225,not_detected,medium,medium
3071,cold,medium,low
5148,cmv,medium,high
1582,not_detected,high,medium
7626,flue,low,medium
6416,cold,medium,low
1,cmv,medium,medium
3252,cmv,low,high
8483,cmv,medium,high
2732,covid,low,medium
13988,cmv,low,medium
11816,cold,high,low
11258,flue,medium,medium
5951,cmv,low,medium
4516,cmv,medium,high
256,cmv,low,medium
6346,flue,low,low
10416,flue,low,medium
8661,cmv,low,medium
14850,cold,low,medium
13345,cmv,high,low
923,not_detected,medium,medium
6315,measles,medium,high
3764,flue,medium,medium
3561,cmv,low,medium
14474,cold,medium,medium
9757,cmv,medium,medium
12507,not_detected,medium,low
14317,cmv,medium,medium
8440,cmv,low,medium
1142,cmv,low,medium
5457,cold,low,medium
2738,not_detected,medium,low
579,cold,medium,low
10905,measles,medium,medium
9206,measles,low,medium
9795,cold,medium,low
8917,cmv,medium,medium
10782,cmv,medium,high
3331,cmv,low,medium
2891,cmv,medium,medium
10544,cold,medium,medium
7476,cmv,medium,medium
1354,cold,medium,high
8457,cmv,medium,medium
7520,cmv,medium,high
10089,covid,medium,medium
8962,cmv,low,medium
203,cmv,medium,medium
1253,cmv,low,medium
1049,cmv,medium,medium
3039,cmv,medium,medium
11960,cmv,low,medium
792,cmv,medium,medium
14563,cmv,medium,low
1987,flue,medium,high
7317,flue,medium,high
13266,cmv,medium,medium
7664,cmv,medium,low
4501,cmv,medium,medium
13736,not_detected,medium,medium
13494,flue,medium,medium
3877,cold,low,low
11506,cmv,medium,high
8099,cmv,medium,medium
13187,cmv,medium,medium
9408,covid,low,medium
11952,cmv,medium,low
10635,cmv,low,medium
9227,not_detected,medium,medium
11026,cmv,medium,low
6866,cmv,medium,low
3486,flue,low,medium
4323,cmv,medium,medium
2682,cmv,medium,medium
3002,cmv,medium,low
9261,cmv,low,low
12135,cold,high,medium
2911,cmv,medium,medium
7321,covid,low,medium
2524,cmv,medium,low
12775,not_detected,medium,medium
7455,cold,medium,low
13940,measles,medium,medium
14710,cold,medium,low
14783,flue,low,medium
12014,cmv,low,medium
12159,cold,low,medium
10405,flue,low,medium
840,flue,medium,medium
132,cold,medium,high
1494,flue,low,medium
8354,cold,medium,medium
13231,not_detected,medium,medium
13251,cold,medium,medium
1677,cmv,low,medium
13192,cmv,low,medium
1706,not_detected,medium,medium
14240,covid,low,medium
8209,cmv,medium,medium
4680,cold,high,medium
6040,cmv,low,medium
4056,cold,low,medium
2727,not_detected,low,medium
9480,not_detected,medium,low
13195,cmv,medium,medium
10499,cmv,medium,medium
7548,covid,medium,medium
11272,cmv,medium,low
9470,cmv,medium,medium
11325,not_detected,medium,high
13162,cmv,medium,medium
12883,cold,low,medium
2770,not_detected,medium,low
8974,cmv,low,medium
2119,flue,low,medium
11034,flue,medium,medium
11747,cmv,high,medium
14923,cmv,high,low
400,flue,low,medium
12384,cmv,high,low
737,flue,low,medium
9717,cold,low,medium
14010,not_detected,medium,low
11456,cmv,medium,medium
450,flue,medium,medium
5005,cmv,medium,medium
3739,cmv,low,medium
12116,cold,low,medium
11739,cmv,medium,low
8397,cmv,medium,medium
5658,cold,medium,medium
13808,cmv,medium,medium
818,cmv,medium,high
8798,flue,medium,high
14109,not_detected,medium,medium
14844,cmv,low,medium
3517,cmv,medium,medium
8631,cmv,low,low
9102,cmv,high,low
5460,not_detected,medium,medium
5162,cold,low,low
5773,not_detected,low,medium
11883,cmv,low,medium
6519,not_detected,low,low
4186,cold,medium,medium
6816,cmv,low,medium
8461,cmv,medium,medium
6583,flue,medium,medium
6134,flue,medium,medium
131,not_detected,low,low
14645,cmv,medium,high
7268,cold,medium,high
11371,cold,medium,low
13018,measles,low,medium
2624,cmv,medium,medium
2226,cmv,medium,medium
6433,cmv,low,medium
6135,cmv,low,medium
2197,cmv,medium,medium
2479,measles,low,low
13229,cmv,low,medium
14722,cmv,medium,medium
12894,flue,low,high
6287,measles,medium,medium
13600,cold,medium,low
14917,cmv,medium,low
10892,flue,high,medium
14986,cold,medium,medium
14311,flue,low,low
5261,flue,medium,medium
6014,cmv,low,high
14555,covid,medium,medium
4953,not_detected,medium,medium
4818,not_detected,medium,medium
1096,measles,medium,medium
451,cmv,medium,medium
3006,cmv,low,medium
9930,flue,medium,medium
5495,not_detected,medium,low
5677,cold,low,medium
5107,not_detected,high,medium
9369,measles,medium,medium
4840,cmv,medium,medium
14107,cmv,low,medium
5724,cmv,medium,medium
11695,cmv,medium,medium
3484,not_detected,medium,low
10943,cmv,medium,low
511,flue,medium,medium
13357,flue,medium,medium
1809,cold,medium,medium
8403,flue,medium,medium
1879,cold,low,medium
9774,flue,low,medium
6929,cold,medium,high
10799,cmv,high,medium
12874,cmv,medium,low
12435,cold,medium,medium
6589,flue,medium,medium
1333,cmv,medium,high
3176,flue,medium,medium
13731,flue,medium,medium
6726,cold,medium,medium
2869,cmv,medium,medium
9350,cold,medium,medium
7511,flue,high,medium
13246,cmv,medium,medium
47,cold,medium,medium
3125,cmv,medium,medium
4293,cold,medium,medium
9454,not_detected,medium,medium
13847,cold,medium,medium
9974,cmv,medium,high
10164,cmv,low,high
3036,cmv,low,high
12562,cold,low,medium
1069,cold,medium,medium
11531,flue,medium,low
14206,flue,high,medium
2750,covid,low,medium
4932,not_detected,low,high
8898,cmv,low,low
941,cold,medium,low
4989,cold,medium,medium
2954,cold,low,medium
2387,cold,low,medium
3322,cold,medium,high
4796,cmv,medium,medium
10505,measles,medium,medium
10569,cold,low,medium
4960,cmv,low,medium
14226,cold,medium,high
6482,measles,medium,medium
7954,cmv,low,low
10595,cold,medium,medium
4519,cmv,medium,medium
8820,cmv,low,medium
12683,not_detected,medium,medium
13609,cmv,high,medium
10751,cold,low,medium
7826,cold,medium,medium
12030,cold,medium,high
10021,cold,medium,low
1466,cmv,medium,medium
2309,cmv,medium,high
2751,cmv,medium,medium
3297,not_detected,medium,low
13832,not_detected,medium,low
6130,flue,medium,medium
2232,cmv,high,medium
1534,measles,medium,medium
4549,flue,medium,medium
10920,cold,medium,high
13365,cmv,medium,low
6028,cmv,low,medium
13630,flue,low,medium
780,flue,medium,low
472,cold,medium,low
12593,cmv,low,medium
12024,cmv,low,medium
5767,flue,medium,medium
5971,cmv,medium,high
10176,covid,medium,medium
7092,cmv,low,medium
5589,not_detected,medium,low
955,cmv,low,medium
13433,not_detected,medium,medium
12765,cmv,medium,medium
11143,cold,low,low
5304,cold,medium,medium
7125,cold,medium,low
13330,flue,medium,medium
3799,not_detected,medium,medium
12144,cmv,medium,high
5493,cmv,low,medium
